pengaturan_kuota_id;sekolah_id;kompetensi_id;thn_pelajaran;jml_rombel;jml_siswa_rombel;kuota_domisili;kuota_afirmasi;kuota_akademik;kuota_prestasi;kuota_khusus;jml_kuota
1;330;1;2018/2019;4;35;70;28;28;7;7;140
2;330;2;2018/2019;4;35;70;28;28;7;7;140
3;330;3;2018/2019;3;35;53;21;21;5;5;105
4;331;4;2018/2019;2;35;35;14;14;4;4;70
5;331;5;2018/2019;3;35;53;21;21;5;5;105
6;331;6;2018/2019;3;35;53;21;21;5;5;105
7;331;7;2018/2019;1;35;18;7;7;2;2;35
8;331;8;2018/2019;1;35;18;7;7;2;2;35
9;331;9;2018/2019;1;35;18;7;7;2;2;35
10;332;10;2018/2019;1;35;18;7;7;2;2;35
11;332;11;2018/2019;1;35;18;7;7;2;2;35
12;332;12;2018/2019;2;35;35;14;14;4;4;70
13;332;13;2018/2019;1;35;18;7;7;2;2;35
14;332;14;2018/2019;2;35;35;14;14;4;4;70
15;332;15;2018/2019;2;35;35;14;14;4;4;70
16;332;16;2018/2019;1;35;18;7;7;2;2;35
17;333;17;2018/2019;3;35;53;21;21;5;5;105
18;333;18;2018/2019;3;35;53;21;21;5;5;105
19;333;19;2018/2019;3;35;53;21;21;5;5;105
20;333;20;2018/2019;2;35;35;14;14;4;4;70
21;333;21;2018/2019;2;35;35;14;14;4;4;70
22;333;22;2018/2019;2;35;35;14;14;4;4;70
23;334;23;2018/2019;2;35;35;14;14;4;4;70
24;334;24;2018/2019;1;35;18;7;7;2;2;35
25;334;25;2018/2019;1;35;18;7;7;2;2;35
26;334;26;2018/2019;1;35;18;7;7;2;2;35
27;334;27;2018/2019;1;35;18;7;7;2;2;35
28;334;28;2018/2019;2;35;35;14;14;4;4;70
29;334;29;2018/2019;0;35;0;0;0;0;0;0
30;334;30;2018/2019;1;35;18;7;7;2;2;35
31;334;31;2018/2019;0;35;0;0;0;0;0;0
32;334;32;2018/2019;1;35;18;7;7;2;2;35
33;334;33;2018/2019;1;35;18;7;7;2;2;35
34;334;34;2018/2019;1;35;18;7;7;2;2;35
35;335;35;2018/2019;3;35;53;21;21;5;5;105
36;335;36;2018/2019;3;35;53;21;21;5;5;105
37;335;37;2018/2019;3;35;53;21;21;5;5;105
38;335;38;2018/2019;3;35;53;21;21;5;5;105
39;335;39;2018/2019;2;35;35;14;14;4;4;70
40;335;40;2018/2019;0;35;0;0;0;0;0;0
41;335;41;2018/2019;0;35;0;0;0;0;0;0
42;336;42;2018/2019;2;35;35;14;14;4;4;70
43;336;43;2018/2019;3;35;53;21;21;5;5;105
44;336;44;2018/2019;3;35;53;21;21;5;5;105
45;336;45;2018/2019;1;35;18;7;7;2;2;35
46;337;46;2018/2019;2;35;35;14;14;4;4;70
47;337;47;2018/2019;3;35;53;21;21;5;5;105
48;337;48;2018/2019;3;35;53;21;21;5;5;105
49;337;49;2018/2019;2;35;35;14;14;4;4;70
50;337;50;2018/2019;2;35;35;14;14;4;4;70
51;337;51;2018/2019;1;35;18;7;7;2;2;35
52;338;52;2018/2019;2;35;35;14;14;4;4;70
53;338;53;2018/2019;1;35;18;7;7;2;2;35
54;338;54;2018/2019;2;35;35;14;14;4;4;70
55;338;55;2018/2019;1;35;18;7;7;2;2;35
56;338;56;2018/2019;1;35;18;7;7;2;2;35
57;339;57;2018/2019;1;35;18;7;7;2;2;35
58;339;58;2018/2019;1;35;18;7;7;2;2;35
59;339;59;2018/2019;2;35;35;14;14;4;4;70
60;339;60;2018/2019;1;35;18;7;7;2;2;35
61;339;61;2018/2019;1;35;18;7;7;2;2;35
62;339;62;2018/2019;2;35;35;14;14;4;4;70
63;339;63;2018/2019;1;35;18;7;7;2;2;35
64;339;64;2018/2019;3;35;53;21;21;5;5;105
65;339;65;2018/2019;2;35;35;14;14;4;4;70
66;340;66;2018/2019;4;35;70;28;28;7;7;140
67;340;67;2018/2019;5;35;88;35;35;9;9;175
68;340;68;2018/2019;2;35;35;14;14;4;4;70
69;340;69;2018/2019;2;35;35;14;14;4;4;70
70;340;70;2018/2019;3;35;53;21;21;5;5;105
71;341;71;2018/2019;1;35;18;7;7;2;2;35
72;341;72;2018/2019;1;35;18;7;7;2;2;35
73;341;73;2018/2019;1;35;18;7;7;2;2;35
74;341;74;2018/2019;3;35;53;21;21;5;5;105
75;341;75;2018/2019;1;35;18;7;7;2;2;35
76;341;76;2018/2019;1;35;18;7;7;2;2;35
77;341;77;2018/2019;2;35;35;14;14;4;4;70
78;341;78;2018/2019;3;35;53;21;21;5;5;105
79;341;79;2018/2019;2;35;35;14;14;4;4;70
80;341;80;2018/2019;1;35;18;7;7;2;2;35
81;341;81;2018/2019;3;35;53;21;21;5;5;105
82;341;82;2018/2019;1;35;18;7;7;2;2;35
83;342;83;2018/2019;1;35;18;7;7;2;2;35
84;342;84;2018/2019;1;35;18;7;7;2;2;35
85;342;85;2018/2019;2;35;35;14;14;4;4;70
86;342;86;2018/2019;2;35;35;14;14;4;4;70
87;343;87;2018/2019;2;35;35;14;14;4;4;70
88;343;88;2018/2019;1;35;18;7;7;2;2;35
89;343;89;2018/2019;1;35;18;7;7;2;2;35
90;343;90;2018/2019;2;35;35;14;14;4;4;70
91;344;91;2018/2019;2;35;35;14;14;4;4;70
92;344;92;2018/2019;2;35;35;14;14;4;4;70
93;345;93;2018/2019;1;35;18;7;7;2;2;35
94;345;94;2018/2019;1;35;18;7;7;2;2;35
95;345;95;2018/2019;1;35;18;7;7;2;2;35
96;346;96;2018/2019;2;35;35;14;14;4;4;70
97;346;97;2018/2019;2;35;35;14;14;4;4;70
98;346;98;2018/2019;1;35;18;7;7;2;2;35
99;347;99;2018/2019;3;35;53;21;21;5;5;105
100;347;100;2018/2019;3;35;53;21;21;5;5;105
101;347;101;2018/2019;1;35;18;7;7;2;2;35
102;347;102;2018/2019;2;35;35;14;14;4;4;70
103;347;103;2018/2019;1;35;18;7;7;2;2;35
104;348;104;2018/2019;4;35;70;28;28;7;7;140
105;348;105;2018/2019;3;35;53;21;21;5;5;105
106;348;106;2018/2019;1;35;18;7;7;2;2;35
107;348;107;2018/2019;5;35;88;35;35;9;9;175
108;348;108;2018/2019;4;35;70;28;28;7;7;140
109;348;109;2018/2019;2;35;35;14;14;4;4;70
110;349;110;2018/2019;1;35;18;7;7;2;2;35
111;349;111;2018/2019;3;35;53;21;21;5;5;105
112;349;112;2018/2019;1;35;18;7;7;2;2;35
113;349;113;2018/2019;2;35;35;14;14;4;4;70
114;349;114;2018/2019;2;35;35;14;14;4;4;70
115;349;115;2018/2019;2;35;35;14;14;4;4;70
116;349;116;2018/2019;1;35;18;7;7;2;2;35
117;349;117;2018/2019;0;35;0;0;0;0;0;0
118;350;118;2018/2019;2;35;35;14;14;4;4;70
119;350;119;2018/2019;3;35;53;21;21;5;5;105
120;350;120;2018/2019;2;35;35;14;14;4;4;70
121;350;121;2018/2019;2;35;35;14;14;4;4;70
122;350;122;2018/2019;2;35;35;14;14;4;4;70
123;350;123;2018/2019;1;35;18;7;7;2;2;35
124;350;124;2018/2019;1;35;18;7;7;2;2;35
125;351;125;2018/2019;1;35;18;7;7;2;2;35
126;351;126;2018/2019;2;35;35;14;14;4;4;70
127;351;127;2018/2019;2;35;35;14;14;4;4;70
128;351;128;2018/2019;1;35;18;7;7;2;2;35
129;351;129;2018/2019;1;35;18;7;7;2;2;35
130;351;130;2018/2019;1;35;18;7;7;2;2;35
131;352;131;2018/2019;3;35;53;21;21;5;5;105
132;352;132;2018/2019;3;35;53;21;21;5;5;105
133;352;133;2018/2019;2;35;35;14;14;4;4;70
134;352;134;2018/2019;3;35;53;21;21;5;5;105
135;352;135;2018/2019;2;35;35;14;14;4;4;70
136;352;136;2018/2019;2;35;35;14;14;4;4;70
137;353;137;2018/2019;2;35;35;14;14;4;4;70
138;353;138;2018/2019;1;35;18;7;7;2;2;35
139;353;139;2018/2019;2;35;35;14;14;4;4;70
140;353;140;2018/2019;3;35;53;21;21;5;5;105
141;353;141;2018/2019;3;35;53;21;21;5;5;105
142;353;142;2018/2019;4;35;70;28;28;7;7;140
143;354;143;2018/2019;1;35;18;7;7;2;2;35
144;354;144;2018/2019;2;35;35;14;14;4;4;70
145;354;145;2018/2019;2;35;35;14;14;4;4;70
146;355;146;2018/2019;3;35;53;21;21;5;5;105
147;355;147;2018/2019;2;35;35;14;14;4;4;70
148;356;148;2018/2019;2;35;35;14;14;4;4;70
149;356;149;2018/2019;1;35;18;7;7;2;2;35
150;356;150;2018/2019;1;35;18;7;7;2;2;35
151;356;151;2018/2019;2;35;35;14;14;4;4;70
152;357;152;2018/2019;2;35;35;14;14;4;4;70
153;357;153;2018/2019;1;35;18;7;7;2;2;35
154;358;154;2018/2019;1;35;18;7;7;2;2;35
155;358;155;2018/2019;2;35;35;14;14;4;4;70
156;358;156;2018/2019;2;35;35;14;14;4;4;70
157;358;157;2018/2019;1;35;18;7;7;2;2;35
158;359;158;2018/2019;1;35;18;7;7;2;2;35
159;359;159;2018/2019;1;35;18;7;7;2;2;35
160;360;160;2018/2019;1;35;18;7;7;2;2;35
161;360;161;2018/2019;1;35;18;7;7;2;2;35
162;361;162;2018/2019;2;35;35;14;14;4;4;70
163;361;163;2018/2019;2;35;35;14;14;4;4;70
164;361;164;2018/2019;4;35;70;28;28;7;7;140
165;361;165;2018/2019;2;35;35;14;14;4;4;70
166;361;166;2018/2019;3;35;53;21;21;5;5;105
167;361;167;2018/2019;1;35;18;7;7;2;2;35
168;362;168;2018/2019;2;35;35;14;14;4;4;70
169;362;169;2018/2019;1;35;18;7;7;2;2;35
170;362;170;2018/2019;1;35;18;7;7;2;2;35
171;362;171;2018/2019;0;35;0;0;0;0;0;0
172;362;172;2018/2019;2;35;35;14;14;4;4;70
173;362;173;2018/2019;1;35;18;7;7;2;2;35
174;362;174;2018/2019;2;35;35;14;14;4;4;70
175;362;175;2018/2019;3;35;53;21;21;5;5;105
176;362;176;2018/2019;2;35;35;14;14;4;4;70
177;363;177;2018/2019;2;35;35;14;14;4;4;70
178;363;178;2018/2019;4;35;70;28;28;7;7;140
179;363;179;2018/2019;2;35;35;14;14;4;4;70
180;363;180;2018/2019;1;35;18;7;7;2;2;35
181;363;181;2018/2019;3;35;53;21;21;5;5;105
182;363;182;2018/2019;4;35;70;28;28;7;7;140
183;363;183;2018/2019;2;35;35;14;14;4;4;70
184;363;184;2018/2019;2;35;35;14;14;4;4;70
185;363;185;2018/2019;1;35;18;7;7;2;2;35
186;364;186;2018/2019;3;35;53;21;21;5;5;105
187;364;187;2018/2019;4;35;70;28;28;7;7;140
188;364;188;2018/2019;2;35;35;14;14;4;4;70
189;364;189;2018/2019;2;35;35;14;14;4;4;70
190;364;190;2018/2019;3;35;53;21;21;5;5;105
191;364;191;2018/2019;4;35;70;28;28;7;7;140
192;365;192;2018/2019;2;35;35;14;14;4;4;70
193;365;193;2018/2019;2;35;35;14;14;4;4;70
194;365;194;2018/2019;1;35;18;7;7;2;2;35
195;365;195;2018/2019;1;35;18;7;7;2;2;35
196;365;196;2018/2019;1;35;18;7;7;2;2;35
197;366;197;2018/2019;2;35;35;14;14;4;4;70
198;366;198;2018/2019;1;35;18;7;7;2;2;35
199;366;199;2018/2019;3;35;53;21;21;5;5;105
200;366;200;2018/2019;2;35;35;14;14;4;4;70
201;366;201;2018/2019;2;35;35;14;14;4;4;70
202;366;202;2018/2019;1;35;18;7;7;2;2;35
203;366;203;2018/2019;1;35;18;7;7;2;2;35
204;367;204;2018/2019;1;35;18;7;7;2;2;35
205;367;205;2018/2019;1;35;18;7;7;2;2;35
206;367;206;2018/2019;1;35;18;7;7;2;2;35
207;367;207;2018/2019;1;35;18;7;7;2;2;35
208;367;208;2018/2019;1;35;18;7;7;2;2;35
209;368;209;2018/2019;3;35;53;21;21;5;5;105
210;368;210;2018/2019;2;35;35;14;14;4;4;70
211;368;211;2018/2019;2;35;35;14;14;4;4;70
212;368;212;2018/2019;1;35;18;7;7;2;2;35
213;368;213;2018/2019;2;35;35;14;14;4;4;70
214;369;214;2018/2019;1;35;18;7;7;2;2;35
215;369;215;2018/2019;1;35;18;7;7;2;2;35
216;369;216;2018/2019;2;35;35;14;14;4;4;70
217;369;217;2018/2019;1;35;18;7;7;2;2;35
218;369;218;2018/2019;2;35;35;14;14;4;4;70
219;370;219;2018/2019;2;35;35;14;14;4;4;70
220;370;220;2018/2019;2;35;35;14;14;4;4;70
221;371;221;2018/2019;1;35;18;7;7;2;2;35
222;371;222;2018/2019;3;35;53;21;21;5;5;105
223;371;223;2018/2019;2;35;35;14;14;4;4;70
224;371;224;2018/2019;1;35;18;7;7;2;2;35
225;371;225;2018/2019;1;35;18;7;7;2;2;35
226;372;226;2018/2019;2;35;35;14;14;4;4;70
227;372;227;2018/2019;2;35;35;14;14;4;4;70
228;372;228;2018/2019;1;35;18;7;7;2;2;35
229;373;229;2018/2019;2;35;35;14;14;4;4;70
230;373;230;2018/2019;1;35;18;7;7;2;2;35
231;373;231;2018/2019;1;35;18;7;7;2;2;35
232;373;232;2018/2019;2;35;35;14;14;4;4;70
233;373;233;2018/2019;2;35;35;14;14;4;4;70
234;373;234;2018/2019;1;35;18;7;7;2;2;35
235;374;235;2018/2019;4;35;70;28;28;7;7;140
236;374;236;2018/2019;1;35;18;7;7;2;2;35
237;374;237;2018/2019;1;35;18;7;7;2;2;35
238;374;238;2018/2019;1;35;18;7;7;2;2;35
239;375;239;2018/2019;1;35;18;7;7;2;2;35
240;375;240;2018/2019;1;35;18;7;7;2;2;35
241;375;241;2018/2019;1;35;18;7;7;2;2;35
242;375;242;2018/2019;1;35;18;7;7;2;2;35
243;375;243;2018/2019;1;35;18;7;7;2;2;35
244;376;244;2018/2019;2;35;35;14;14;4;4;70
245;376;245;2018/2019;3;35;53;21;21;5;5;105
246;376;246;2018/2019;2;35;35;14;14;4;4;70
247;376;247;2018/2019;2;35;35;14;14;4;4;70
248;377;248;2018/2019;2;35;35;14;14;4;4;70
249;377;249;2018/2019;2;35;35;14;14;4;4;70
250;377;250;2018/2019;1;35;18;7;7;2;2;35
251;378;251;2018/2019;2;35;35;14;14;4;4;70
252;378;252;2018/2019;1;35;18;7;7;2;2;35
253;378;253;2018/2019;1;35;18;7;7;2;2;35
254;379;254;2018/2019;1;35;18;7;7;2;2;35
255;379;255;2018/2019;1;35;18;7;7;2;2;35
256;379;256;2018/2019;1;35;18;7;7;2;2;35
257;379;257;2018/2019;1;35;18;7;7;2;2;35
258;380;258;2018/2019;2;35;35;14;14;4;4;70
259;380;259;2018/2019;1;35;18;7;7;2;2;35
260;380;260;2018/2019;1;35;18;7;7;2;2;35
261;380;261;2018/2019;2;35;35;14;14;4;4;70
262;380;262;2018/2019;1;35;18;7;7;2;2;35
263;380;263;2018/2019;2;35;35;14;14;4;4;70
264;381;264;2018/2019;1;35;18;7;7;2;2;35
265;381;265;2018/2019;1;35;18;7;7;2;2;35
266;381;266;2018/2019;1;35;18;7;7;2;2;35
267;382;267;2018/2019;1;35;18;7;7;2;2;35
268;382;268;2018/2019;1;35;18;7;7;2;2;35
269;382;269;2018/2019;1;35;18;7;7;2;2;35
270;382;270;2018/2019;1;35;18;7;7;2;2;35
271;382;271;2018/2019;1;35;18;7;7;2;2;35
272;383;272;2018/2019;3;35;53;21;21;5;5;105
273;383;273;2018/2019;3;35;53;21;21;5;5;105
274;383;274;2018/2019;2;35;35;14;14;4;4;70
275;383;275;2018/2019;2;35;35;14;14;4;4;70
276;383;276;2018/2019;1;35;18;7;7;2;2;35
277;383;277;2018/2019;1;35;18;7;7;2;2;35
278;384;278;2018/2019;2;35;35;14;14;4;4;70
279;384;279;2018/2019;2;35;35;14;14;4;4;70
280;384;280;2018/2019;1;35;18;7;7;2;2;35
281;384;281;2018/2019;2;35;35;14;14;4;4;70
282;384;282;2018/2019;1;35;18;7;7;2;2;35
283;384;283;2018/2019;1;35;18;7;7;2;2;35
284;384;284;2018/2019;2;35;35;14;14;4;4;70
285;385;285;2018/2019;2;35;35;14;14;4;4;70
286;385;286;2018/2019;1;35;18;7;7;2;2;35
287;385;287;2018/2019;1;35;18;7;7;2;2;35
288;386;288;2018/2019;1;35;18;7;7;2;2;35
289;386;289;2018/2019;1;35;18;7;7;2;2;35
290;386;290;2018/2019;1;35;18;7;7;2;2;35
291;386;291;2018/2019;1;35;18;7;7;2;2;35
292;386;292;2018/2019;1;35;18;7;7;2;2;35
293;387;293;2018/2019;1;35;18;7;7;2;2;35
294;387;294;2018/2019;1;35;18;7;7;2;2;35
295;387;295;2018/2019;1;35;18;7;7;2;2;35
296;387;296;2018/2019;1;35;18;7;7;2;2;35
297;387;297;2018/2019;2;35;35;14;14;4;4;70
298;388;298;2018/2019;2;35;35;14;14;4;4;70
299;388;299;2018/2019;3;35;53;21;21;5;5;105
300;388;300;2018/2019;2;35;35;14;14;4;4;70
301;388;301;2018/2019;3;35;53;21;21;5;5;105
302;388;302;2018/2019;3;35;53;21;21;5;5;105
303;388;303;2018/2019;2;35;35;14;14;4;4;70
304;389;304;2018/2019;1;35;18;7;7;2;2;35
305;389;305;2018/2019;1;35;18;7;7;2;2;35
306;389;306;2018/2019;2;35;35;14;14;4;4;70
307;389;307;2018/2019;2;35;35;14;14;4;4;70
308;389;308;2018/2019;1;35;18;7;7;2;2;35
309;389;309;2018/2019;1;35;18;7;7;2;2;35
310;389;310;2018/2019;1;35;18;7;7;2;2;35
311;390;311;2018/2019;1;35;18;7;7;2;2;35
312;390;312;2018/2019;2;35;35;14;14;4;4;70
313;390;313;2018/2019;2;35;35;14;14;4;4;70
314;390;314;2018/2019;1;35;18;7;7;2;2;35
315;390;315;2018/2019;1;35;18;7;7;2;2;35
316;390;316;2018/2019;1;35;18;7;7;2;2;35
317;390;317;2018/2019;1;35;18;7;7;2;2;35
318;391;318;2018/2019;1;35;18;7;7;2;2;35
319;391;319;2018/2019;1;35;18;7;7;2;2;35
320;391;320;2018/2019;1;35;18;7;7;2;2;35
321;391;321;2018/2019;1;35;18;7;7;2;2;35
322;391;322;2018/2019;1;35;18;7;7;2;2;35
323;391;323;2018/2019;1;35;18;7;7;2;2;35
324;392;324;2018/2019;2;35;35;14;14;4;4;70
325;392;325;2018/2019;1;35;18;7;7;2;2;35
326;392;326;2018/2019;2;35;35;14;14;4;4;70
327;392;327;2018/2019;1;35;18;7;7;2;2;35
328;393;328;2018/2019;1;35;18;7;7;2;2;35
329;393;329;2018/2019;1;35;18;7;7;2;2;35
330;393;330;2018/2019;1;35;18;7;7;2;2;35
331;393;331;2018/2019;2;35;35;14;14;4;4;70
332;394;332;2018/2019;2;35;35;14;14;4;4;70
333;394;333;2018/2019;1;35;18;7;7;2;2;35
334;394;334;2018/2019;2;35;35;14;14;4;4;70
335;394;335;2018/2019;2;35;35;14;14;4;4;70
336;395;336;2018/2019;1;35;18;7;7;2;2;35
337;395;337;2018/2019;1;35;18;7;7;2;2;35
338;395;338;2018/2019;1;35;18;7;7;2;2;35
339;396;339;2018/2019;2;35;35;14;14;4;4;70
340;396;340;2018/2019;2;35;35;14;14;4;4;70
341;397;341;2018/2019;2;35;35;14;14;4;4;70
342;397;342;2018/2019;1;35;18;7;7;2;2;35
343;397;343;2018/2019;2;35;35;14;14;4;4;70
344;397;344;2018/2019;1;35;18;7;7;2;2;35
345;398;345;2018/2019;2;35;35;14;14;4;4;70
346;398;346;2018/2019;2;35;35;14;14;4;4;70
347;398;347;2018/2019;1;35;18;7;7;2;2;35
348;398;348;2018/2019;1;35;18;7;7;2;2;35
349;398;349;2018/2019;1;35;18;7;7;2;2;35
350;398;350;2018/2019;1;35;18;7;7;2;2;35
351;398;351;2018/2019;1;35;18;7;7;2;2;35
352;398;352;2018/2019;2;35;35;14;14;4;4;70
353;398;353;2018/2019;1;35;18;7;7;2;2;35
354;399;354;2018/2019;1;35;18;7;7;2;2;35
355;399;355;2018/2019;2;35;35;14;14;4;4;70
356;399;356;2018/2019;2;35;35;14;14;4;4;70
357;399;357;2018/2019;3;35;53;21;21;5;5;105
358;399;358;2018/2019;1;35;18;7;7;2;2;35
359;399;359;2018/2019;2;35;35;14;14;4;4;70
360;399;360;2018/2019;2;35;35;14;14;4;4;70
361;400;361;2018/2019;1;35;18;7;7;2;2;35
362;400;362;2018/2019;2;35;35;14;14;4;4;70
363;400;363;2018/2019;2;35;35;14;14;4;4;70
364;401;364;2018/2019;1;35;18;7;7;2;2;35
365;401;365;2018/2019;2;35;35;14;14;4;4;70
366;401;366;2018/2019;1;35;18;7;7;2;2;35
367;402;367;2018/2019;1;35;18;7;7;2;2;35
368;402;368;2018/2019;1;35;18;7;7;2;2;35
369;402;369;2018/2019;1;35;18;7;7;2;2;35
370;402;370;2018/2019;1;35;18;7;7;2;2;35
371;403;371;2018/2019;1;35;18;7;7;2;2;35
372;403;372;2018/2019;1;35;18;7;7;2;2;35
373;403;373;2018/2019;1;35;18;7;7;2;2;35
374;403;374;2018/2019;1;35;18;7;7;2;2;35
375;403;375;2018/2019;1;35;18;7;7;2;2;35
376;403;376;2018/2019;1;35;18;7;7;2;2;35
377;404;377;2018/2019;1;35;18;7;7;2;2;35
378;404;378;2018/2019;1;35;18;7;7;2;2;35
379;404;379;2018/2019;1;35;18;7;7;2;2;35
380;404;380;2018/2019;1;35;18;7;7;2;2;35
381;404;381;2018/2019;1;35;18;7;7;2;2;35
382;405;382;2018/2019;1;35;18;7;7;2;2;35
383;405;383;2018/2019;1;35;18;7;7;2;2;35
384;405;384;2018/2019;1;35;18;7;7;2;2;35
385;405;385;2018/2019;1;35;18;7;7;2;2;35
386;405;386;2018/2019;1;35;18;7;7;2;2;35
387;406;387;2018/2019;1;35;18;7;7;2;2;35
388;406;388;2018/2019;1;35;18;7;7;2;2;35
389;406;389;2018/2019;1;35;18;7;7;2;2;35
390;406;390;2018/2019;1;35;18;7;7;2;2;35
391;406;391;2018/2019;1;35;18;7;7;2;2;35
392;407;392;2018/2019;3;35;53;21;21;5;5;105
393;407;393;2018/2019;4;35;70;28;28;7;7;140
394;407;394;2018/2019;3;35;53;21;21;5;5;105
395;407;395;2018/2019;2;35;35;14;14;4;4;70
396;407;396;2018/2019;1;35;18;7;7;2;2;35
397;407;397;2018/2019;1;35;18;7;7;2;2;35
398;408;398;2018/2019;1;35;18;7;7;2;2;35
399;408;399;2018/2019;3;35;53;21;21;5;5;105
400;408;400;2018/2019;2;35;35;14;14;4;4;70
401;409;401;2018/2019;3;35;53;21;21;5;5;105
402;409;402;2018/2019;3;35;53;21;21;5;5;105
403;409;403;2018/2019;1;35;18;7;7;2;2;35
404;410;404;2018/2019;3;35;53;21;21;5;5;105
405;410;405;2018/2019;4;35;70;28;28;7;7;140
406;410;406;2018/2019;3;35;53;21;21;5;5;105
407;410;407;2018/2019;3;35;53;21;21;5;5;105
408;410;408;2018/2019;1;35;18;7;7;2;2;35
409;411;409;2018/2019;1;35;18;7;7;2;2;35
410;411;410;2018/2019;1;35;18;7;7;2;2;35
411;411;411;2018/2019;1;35;18;7;7;2;2;35
412;411;412;2018/2019;1;35;18;7;7;2;2;35
413;411;413;2018/2019;1;35;18;7;7;2;2;35
414;412;414;2018/2019;3;35;53;21;21;5;5;105
415;412;415;2018/2019;3;35;53;21;21;5;5;105
416;412;416;2018/2019;2;35;35;14;14;4;4;70
417;412;417;2018/2019;2;35;35;14;14;4;4;70
418;412;418;2018/2019;3;35;53;21;21;5;5;105
419;413;419;2018/2019;2;35;35;14;14;4;4;70
420;413;420;2018/2019;2;35;35;14;14;4;4;70
421;413;421;2018/2019;2;35;35;14;14;4;4;70
422;413;422;2018/2019;1;35;18;7;7;2;2;35
423;413;423;2018/2019;1;35;18;7;7;2;2;35
424;414;424;2018/2019;1;35;18;7;7;2;2;35
425;414;425;2018/2019;1;35;18;7;7;2;2;35
426;414;426;2018/2019;2;35;35;14;14;4;4;70
427;414;427;2018/2019;2;35;35;14;14;4;4;70
428;414;428;2018/2019;1;35;18;7;7;2;2;35
429;414;429;2018/2019;2;35;35;14;14;4;4;70
430;414;430;2018/2019;2;35;35;14;14;4;4;70
431;415;431;2018/2019;2;35;35;14;14;4;4;70
432;415;432;2018/2019;2;35;35;14;14;4;4;70
433;415;433;2018/2019;2;35;35;14;14;4;4;70
434;416;434;2018/2019;1;35;18;7;7;2;2;35
435;416;435;2018/2019;1;35;18;7;7;2;2;35
436;416;436;2018/2019;1;35;18;7;7;2;2;35
437;416;437;2018/2019;1;35;18;7;7;2;2;35
438;416;438;2018/2019;1;35;18;7;7;2;2;35
439;417;439;2018/2019;2;35;35;14;14;4;4;70
440;417;440;2018/2019;3;35;53;21;21;5;5;105
441;417;441;2018/2019;1;35;18;7;7;2;2;35
442;417;442;2018/2019;1;35;18;7;7;2;2;35
443;417;443;2018/2019;2;35;35;14;14;4;4;70
444;417;444;2018/2019;1;35;18;7;7;2;2;35
445;417;445;2018/2019;2;35;35;14;14;4;4;70
446;417;446;2018/2019;1;35;18;7;7;2;2;35
447;418;447;2018/2019;1;35;18;7;7;2;2;35
448;418;448;2018/2019;1;35;18;7;7;2;2;35
449;418;449;2018/2019;1;35;18;7;7;2;2;35
450;418;450;2018/2019;1;35;18;7;7;2;2;35
451;419;451;2018/2019;1;35;18;7;7;2;2;35
452;419;452;2018/2019;2;35;35;14;14;4;4;70
453;419;453;2018/2019;1;35;18;7;7;2;2;35
454;419;454;2018/2019;1;35;18;7;7;2;2;35
455;419;455;2018/2019;1;35;18;7;7;2;2;35
456;419;456;2018/2019;1;35;18;7;7;2;2;35
457;420;457;2018/2019;2;35;35;14;14;4;4;70
458;420;458;2018/2019;1;35;18;7;7;2;2;35
459;421;459;2018/2019;1;35;18;7;7;2;2;35
460;421;460;2018/2019;2;35;35;14;14;4;4;70
461;421;461;2018/2019;1;35;18;7;7;2;2;35
462;421;462;2018/2019;1;35;18;7;7;2;2;35
463;422;463;2018/2019;2;35;35;14;14;4;4;70
464;422;464;2018/2019;3;35;53;21;21;5;5;105
465;422;465;2018/2019;3;35;53;21;21;5;5;105
466;422;466;2018/2019;3;35;53;21;21;5;5;105
467;422;467;2018/2019;1;35;18;7;7;2;2;35
468;423;468;2018/2019;2;35;35;14;14;4;4;70
469;423;469;2018/2019;1;35;18;7;7;2;2;35
470;423;470;2018/2019;2;35;35;14;14;4;4;70
471;424;471;2018/2019;2;35;35;14;14;4;4;70
472;424;472;2018/2019;1;35;18;7;7;2;2;35
473;424;473;2018/2019;1;35;18;7;7;2;2;35
474;425;474;2018/2019;2;35;35;14;14;4;4;70
475;425;475;2018/2019;1;35;18;7;7;2;2;35
476;425;476;2018/2019;1;35;18;7;7;2;2;35
477;425;477;2018/2019;1;35;18;7;7;2;2;35
478;426;478;2018/2019;1;35;18;7;7;2;2;35
479;426;479;2018/2019;1;35;18;7;7;2;2;35
480;426;480;2018/2019;1;35;18;7;7;2;2;35
481;426;481;2018/2019;1;35;18;7;7;2;2;35
482;427;482;2018/2019;2;35;35;14;14;4;4;70
483;427;483;2018/2019;1;35;18;7;7;2;2;35
484;427;484;2018/2019;1;35;18;7;7;2;2;35
485;427;485;2018/2019;1;35;18;7;7;2;2;35
486;428;486;2018/2019;5;35;88;35;35;9;9;175
487;428;487;2018/2019;5;35;88;35;35;9;9;175
488;428;488;2018/2019;2;35;35;14;14;4;4;70
489;428;489;2018/2019;1;35;18;7;7;2;2;35
490;428;490;2018/2019;3;35;53;21;21;5;5;105
491;429;491;2018/2019;2;35;35;14;14;4;4;70
492;429;492;2018/2019;2;35;35;14;14;4;4;70
493;429;493;2018/2019;2;35;35;14;14;4;4;70
494;429;494;2018/2019;2;35;35;14;14;4;4;70
495;429;495;2018/2019;2;35;35;14;14;4;4;70
496;430;496;2018/2019;2;35;35;14;14;4;4;70
497;430;497;2018/2019;2;35;35;14;14;4;4;70
498;430;498;2018/2019;2;35;35;14;14;4;4;70
499;431;499;2018/2019;2;35;35;14;14;4;4;70
500;432;500;2018/2019;3;35;53;21;21;5;5;105
501;432;501;2018/2019;2;35;35;14;14;4;4;70
502;432;502;2018/2019;2;35;35;14;14;4;4;70
503;432;503;2018/2019;1;35;18;7;7;2;2;35
504;432;504;2018/2019;1;35;18;7;7;2;2;35
505;433;505;2018/2019;1;35;18;7;7;2;2;35
506;433;506;2018/2019;1;35;18;7;7;2;2;35
507;433;507;2018/2019;1;35;18;7;7;2;2;35
508;434;508;2018/2019;1;35;18;7;7;2;2;35
509;434;509;2018/2019;1;35;18;7;7;2;2;35
510;434;510;2018/2019;1;35;18;7;7;2;2;35
511;434;511;2018/2019;0;35;0;0;0;0;0;0
512;435;512;2018/2019;1;35;18;7;7;2;2;35
513;435;513;2018/2019;1;35;18;7;7;2;2;35
514;435;514;2018/2019;1;35;18;7;7;2;2;35
515;435;515;2018/2019;1;35;18;7;7;2;2;35
516;436;516;2018/2019;3;35;53;21;21;5;5;105
517;436;517;2018/2019;2;35;35;14;14;4;4;70
518;436;518;2018/2019;1;35;18;7;7;2;2;35
519;437;519;2018/2019;1;35;18;7;7;2;2;35
520;437;520;2018/2019;0;35;0;0;0;0;0;0
521;438;521;2018/2019;1;35;18;7;7;2;2;35
522;438;522;2018/2019;1;35;18;7;7;2;2;35
523;439;523;2018/2019;1;35;18;7;7;2;2;35
524;439;524;2018/2019;1;35;18;7;7;2;2;35
525;439;525;2018/2019;1;35;18;7;7;2;2;35
526;439;526;2018/2019;0;35;0;0;0;0;0;0
527;440;527;2018/2019;4;35;70;28;28;7;7;140
528;440;528;2018/2019;3;35;53;21;21;5;5;105
529;440;529;2018/2019;2;35;35;14;14;4;4;70
530;440;530;2018/2019;2;35;35;14;14;4;4;70
531;440;531;2018/2019;3;35;53;21;21;5;5;105
532;440;532;2018/2019;1;35;18;7;7;2;2;35
533;441;533;2018/2019;5;35;88;35;35;9;9;175
534;441;534;2018/2019;4;35;70;28;28;7;7;140
535;441;535;2018/2019;5;35;88;35;35;9;9;175
536;441;536;2018/2019;3;35;53;21;21;5;5;105
537;441;537;2018/2019;2;35;35;14;14;4;4;70
538;441;538;2018/2019;1;35;18;7;7;2;2;35
539;442;539;2018/2019;3;35;53;21;21;5;5;105
540;442;540;2018/2019;2;35;35;14;14;4;4;70
541;442;541;2018/2019;2;35;35;14;14;4;4;70
542;442;542;2018/2019;1;35;18;7;7;2;2;35
543;442;543;2018/2019;1;35;18;7;7;2;2;35
544;442;544;2018/2019;2;35;35;14;14;4;4;70
545;443;545;2018/2019;3;35;53;21;21;5;5;105
546;443;546;2018/2019;1;35;18;7;7;2;2;35
547;443;547;2018/2019;1;35;18;7;7;2;2;35
548;443;548;2018/2019;1;35;18;7;7;2;2;35
549;443;549;2018/2019;2;35;35;14;14;4;4;70
550;444;550;2018/2019;2;35;35;14;14;4;4;70
551;444;551;2018/2019;2;35;35;14;14;4;4;70
552;444;552;2018/2019;2;35;35;14;14;4;4;70
553;444;553;2018/2019;1;35;18;7;7;2;2;35
554;445;554;2018/2019;2;35;35;14;14;4;4;70
555;445;555;2018/2019;1;35;18;7;7;2;2;35
556;446;556;2018/2019;2;35;35;14;14;4;4;70
557;446;557;2018/2019;2;35;35;14;14;4;4;70
558;446;558;2018/2019;1;35;18;7;7;2;2;35
559;447;559;2018/2019;2;35;35;14;14;4;4;70
560;447;560;2018/2019;2;35;35;14;14;4;4;70
561;447;561;2018/2019;2;35;35;14;14;4;4;70
562;448;562;2018/2019;1;35;18;7;7;2;2;35
563;448;563;2018/2019;2;35;35;14;14;4;4;70
564;448;564;2018/2019;1;35;18;7;7;2;2;35
565;448;565;2018/2019;2;35;35;14;14;4;4;70
566;449;566;2018/2019;1;35;18;7;7;2;2;35
567;449;567;2018/2019;1;35;18;7;7;2;2;35
568;449;568;2018/2019;1;35;18;7;7;2;2;35
569;449;569;2018/2019;1;35;18;7;7;2;2;35
570;450;570;2018/2019;3;35;53;21;21;5;5;105
571;450;571;2018/2019;2;35;35;14;14;4;4;70
572;450;572;2018/2019;2;35;35;14;14;4;4;70
573;450;573;2018/2019;2;35;35;14;14;4;4;70
574;450;574;2018/2019;1;35;18;7;7;2;2;35
575;450;575;2018/2019;1;35;18;7;7;2;2;35
576;451;576;2018/2019;3;35;53;21;21;5;5;105
577;451;577;2018/2019;3;35;53;21;21;5;5;105
578;451;578;2018/2019;2;35;35;14;14;4;4;70
579;451;579;2018/2019;1;35;18;7;7;2;2;35
580;452;580;2018/2019;1;35;18;7;7;2;2;35
581;452;581;2018/2019;3;35;53;21;21;5;5;105
582;452;582;2018/2019;1;35;18;7;7;2;2;35
583;452;583;2018/2019;1;35;18;7;7;2;2;35
584;452;584;2018/2019;1;35;18;7;7;2;2;35
585;452;585;2018/2019;1;35;18;7;7;2;2;35
586;453;586;2018/2019;1;35;18;7;7;2;2;35
587;453;587;2018/2019;1;35;18;7;7;2;2;35
588;453;588;2018/2019;1;35;18;7;7;2;2;35
589;453;589;2018/2019;1;35;18;7;7;2;2;35
590;454;590;2018/2019;1;35;18;7;7;2;2;35
591;454;591;2018/2019;1;35;18;7;7;2;2;35
592;454;592;2018/2019;1;35;18;7;7;2;2;35
593;454;593;2018/2019;2;35;35;14;14;4;4;70
594;454;594;2018/2019;2;35;35;14;14;4;4;70
595;454;595;2018/2019;2;35;35;14;14;4;4;70
596;455;596;2018/2019;1;35;18;7;7;2;2;35
597;455;597;2018/2019;1;35;18;7;7;2;2;35
598;455;598;2018/2019;1;35;18;7;7;2;2;35
599;455;599;2018/2019;1;35;18;7;7;2;2;35
600;455;600;2018/2019;1;35;18;7;7;2;2;35
601;456;601;2018/2019;2;35;35;14;14;4;4;70
602;456;602;2018/2019;2;35;35;14;14;4;4;70
603;457;603;2018/2019;2;35;35;14;14;4;4;70
604;457;604;2018/2019;2;35;35;14;14;4;4;70
605;457;605;2018/2019;2;35;35;14;14;4;4;70
606;457;606;2018/2019;2;35;35;14;14;4;4;70
607;457;607;2018/2019;2;35;35;14;14;4;4;70
608;458;608;2018/2019;2;35;35;14;14;4;4;70
609;458;609;2018/2019;1;35;18;7;7;2;2;35
610;458;610;2018/2019;1;35;18;7;7;2;2;35
611;458;611;2018/2019;1;35;18;7;7;2;2;35
612;459;612;2018/2019;2;35;35;14;14;4;4;70
613;459;613;2018/2019;1;35;18;7;7;2;2;35
614;459;614;2018/2019;2;35;35;14;14;4;4;70
615;459;615;2018/2019;1;35;18;7;7;2;2;35
616;460;616;2018/2019;1;35;18;7;7;2;2;35
617;460;617;2018/2019;2;35;35;14;14;4;4;70
618;460;618;2018/2019;1;35;18;7;7;2;2;35
619;460;619;2018/2019;1;35;18;7;7;2;2;35
620;460;620;2018/2019;1;35;18;7;7;2;2;35
621;461;621;2018/2019;2;35;35;14;14;4;4;70
622;461;622;2018/2019;2;35;35;14;14;4;4;70
623;462;623;2018/2019;1;35;18;7;7;2;2;35
624;462;624;2018/2019;1;35;18;7;7;2;2;35
625;462;625;2018/2019;1;35;18;7;7;2;2;35
626;462;626;2018/2019;1;35;18;7;7;2;2;35
627;462;627;2018/2019;1;35;18;7;7;2;2;35
628;462;628;2018/2019;1;35;18;7;7;2;2;35
629;463;629;2018/2019;2;35;35;14;14;4;4;70
630;463;630;2018/2019;2;35;35;14;14;4;4;70
631;463;631;2018/2019;2;35;35;14;14;4;4;70
632;463;632;2018/2019;2;35;35;14;14;4;4;70
633;463;633;2018/2019;2;35;35;14;14;4;4;70
634;463;634;2018/2019;1;35;18;7;7;2;2;35
635;464;635;2018/2019;2;35;35;14;14;4;4;70
636;464;636;2018/2019;3;35;53;21;21;5;5;105
637;464;637;2018/2019;1;35;18;7;7;2;2;35
638;464;638;2018/2019;1;35;18;7;7;2;2;35
639;464;639;2018/2019;2;35;35;14;14;4;4;70
640;465;640;2018/2019;3;35;53;21;21;5;5;105
641;465;641;2018/2019;2;35;35;14;14;4;4;70
642;465;642;2018/2019;1;35;18;7;7;2;2;35
643;465;643;2018/2019;1;35;18;7;7;2;2;35
644;465;644;2018/2019;2;35;35;14;14;4;4;70
645;465;645;2018/2019;1;35;18;7;7;2;2;35
646;465;646;2018/2019;1;35;18;7;7;2;2;35
647;465;647;2018/2019;1;35;18;7;7;2;2;35
648;466;648;2018/2019;2;35;35;14;14;4;4;70
649;466;649;2018/2019;2;35;35;14;14;4;4;70
650;466;650;2018/2019;1;35;18;7;7;2;2;35
651;466;651;2018/2019;1;35;18;7;7;2;2;35
652;466;652;2018/2019;1;35;18;7;7;2;2;35
653;466;653;2018/2019;1;35;18;7;7;2;2;35
654;466;654;2018/2019;1;35;18;7;7;2;2;35
655;467;655;2018/2019;4;35;70;28;28;7;7;140
656;467;656;2018/2019;2;35;35;14;14;4;4;70
657;467;657;2018/2019;2;35;35;14;14;4;4;70
658;467;658;2018/2019;2;35;35;14;14;4;4;70
659;468;659;2018/2019;1;35;18;7;7;2;2;35
660;468;660;2018/2019;1;35;18;7;7;2;2;35
661;468;661;2018/2019;1;35;18;7;7;2;2;35
662;468;662;2018/2019;1;35;18;7;7;2;2;35
663;469;663;2018/2019;1;35;18;7;7;2;2;35
664;469;664;2018/2019;1;35;18;7;7;2;2;35
665;469;665;2018/2019;1;35;18;7;7;2;2;35
666;469;666;2018/2019;1;35;18;7;7;2;2;35
667;470;667;2018/2019;1;35;18;7;7;2;2;35
668;470;668;2018/2019;1;35;18;7;7;2;2;35
669;470;669;2018/2019;1;35;18;7;7;2;2;35
670;471;670;2018/2019;2;35;35;14;14;4;4;70
671;471;671;2018/2019;1;35;18;7;7;2;2;35
672;471;672;2018/2019;1;35;18;7;7;2;2;35
673;471;673;2018/2019;1;35;18;7;7;2;2;35
674;471;674;2018/2019;1;35;18;7;7;2;2;35
675;472;675;2018/2019;2;35;35;14;14;4;4;70
676;472;676;2018/2019;2;35;35;14;14;4;4;70
677;472;677;2018/2019;0;35;0;0;0;0;0;0
678;472;678;2018/2019;0;35;0;0;0;0;0;0
679;472;679;2018/2019;0;35;0;0;0;0;0;0
680;472;680;2018/2019;2;35;35;14;14;4;4;70
681;473;681;2018/2019;2;35;35;14;14;4;4;70
682;473;682;2018/2019;1;35;18;7;7;2;2;35
683;473;683;2018/2019;1;35;18;7;7;2;2;35
684;474;684;2018/2019;1;35;18;7;7;2;2;35
685;474;685;2018/2019;1;35;18;7;7;2;2;35
686;474;686;2018/2019;1;35;18;7;7;2;2;35
687;475;687;2018/2019;2;35;35;14;14;4;4;70
688;475;688;2018/2019;2;35;35;14;14;4;4;70
689;475;689;2018/2019;3;35;53;21;21;5;5;105
690;475;690;2018/2019;3;35;53;21;21;5;5;105
691;475;691;2018/2019;2;35;35;14;14;4;4;70
692;475;692;2018/2019;2;35;35;14;14;4;4;70
693;475;693;2018/2019;1;35;18;7;7;2;2;35
694;475;694;2018/2019;1;35;18;7;7;2;2;35
695;476;695;2018/2019;2;35;35;14;14;4;4;70
696;476;696;2018/2019;2;35;35;14;14;4;4;70
697;476;697;2018/2019;2;35;35;14;14;4;4;70
698;476;698;2018/2019;1;35;18;7;7;2;2;35
699;476;699;2018/2019;2;35;35;14;14;4;4;70
700;476;700;2018/2019;1;35;18;7;7;2;2;35
701;476;701;2018/2019;1;35;18;7;7;2;2;35
702;476;702;2018/2019;2;35;35;14;14;4;4;70
703;477;703;2018/2019;1;35;18;7;7;2;2;35
704;477;704;2018/2019;1;35;18;7;7;2;2;35
705;477;705;2018/2019;1;35;18;7;7;2;2;35
706;477;706;2018/2019;1;35;18;7;7;2;2;35
707;477;707;2018/2019;1;35;18;7;7;2;2;35
708;477;708;2018/2019;1;35;18;7;7;2;2;35
709;477;709;2018/2019;1;35;18;7;7;2;2;35
710;477;710;2018/2019;1;35;18;7;7;2;2;35
711;477;711;2018/2019;1;35;18;7;7;2;2;35
712;478;712;2018/2019;1;35;18;7;7;2;2;35
713;478;713;2018/2019;1;35;18;7;7;2;2;35
714;478;714;2018/2019;1;35;18;7;7;2;2;35
715;478;715;2018/2019;1;35;18;7;7;2;2;35
716;479;716;2018/2019;1;35;18;7;7;2;2;35
717;479;717;2018/2019;1;35;18;7;7;2;2;35
718;479;718;2018/2019;1;35;18;7;7;2;2;35
719;479;719;2018/2019;1;35;18;7;7;2;2;35
720;479;720;2018/2019;1;35;18;7;7;2;2;35
721;479;721;2018/2019;1;35;18;7;7;2;2;35
722;479;722;2018/2019;1;35;18;7;7;2;2;35
723;479;723;2018/2019;1;35;18;7;7;2;2;35
724;480;724;2018/2019;1;35;18;7;7;2;2;35
725;480;725;2018/2019;1;35;18;7;7;2;2;35
726;480;726;2018/2019;1;35;18;7;7;2;2;35
727;481;727;2018/2019;1;35;18;7;7;2;2;35
728;481;728;2018/2019;3;35;53;21;21;5;5;105
729;482;729;2018/2019;1;35;18;7;7;2;2;35
730;482;730;2018/2019;1;35;18;7;7;2;2;35
731;482;731;2018/2019;1;35;18;7;7;2;2;35
732;482;732;2018/2019;1;35;18;7;7;2;2;35
733;483;733;2018/2019;5;35;88;35;35;9;9;175
734;483;734;2018/2019;2;35;35;14;14;4;4;70
735;483;735;2018/2019;3;35;53;21;21;5;5;105
736;483;736;2018/2019;1;35;18;7;7;2;2;35
737;483;737;2018/2019;2;35;35;14;14;4;4;70
738;483;738;2018/2019;2;35;35;14;14;4;4;70
739;483;739;2018/2019;2;35;35;14;14;4;4;70
740;484;740;2018/2019;1;35;18;7;7;2;2;35
741;484;741;2018/2019;2;35;35;14;14;4;4;70
742;484;742;2018/2019;2;35;35;14;14;4;4;70
743;484;743;2018/2019;2;35;35;14;14;4;4;70
744;485;744;2018/2019;2;35;35;14;14;4;4;70
745;485;745;2018/2019;4;35;70;28;28;7;7;140
746;485;746;2018/2019;2;35;35;14;14;4;4;70
747;485;747;2018/2019;1;35;18;7;7;2;2;35
748;486;748;2018/2019;2;35;35;14;14;4;4;70
749;486;749;2018/2019;2;35;35;14;14;4;4;70
750;486;750;2018/2019;1;35;18;7;7;2;2;35
751;487;751;2018/2019;3;35;53;21;21;5;5;105
752;487;752;2018/2019;1;35;18;7;7;2;2;35
753;487;753;2018/2019;2;35;35;14;14;4;4;70
754;487;754;2018/2019;2;35;35;14;14;4;4;70
755;487;755;2018/2019;1;35;18;7;7;2;2;35
756;488;756;2018/2019;3;35;53;21;21;5;5;105
757;488;757;2018/2019;4;35;70;28;28;7;7;140
758;488;758;2018/2019;2;35;35;14;14;4;4;70
759;489;759;2018/2019;4;35;70;28;28;7;7;140
760;489;760;2018/2019;3;35;53;21;21;5;5;105
761;489;761;2018/2019;4;35;70;28;28;7;7;140
762;489;762;2018/2019;3;35;53;21;21;5;5;105
763;490;763;2018/2019;3;35;53;21;21;5;5;105
764;490;764;2018/2019;3;35;53;21;21;5;5;105
765;490;765;2018/2019;1;35;18;7;7;2;2;35
766;490;766;2018/2019;2;35;35;14;14;4;4;70
767;490;767;2018/2019;1;35;18;7;7;2;2;35
768;490;768;2018/2019;1;35;18;7;7;2;2;35
769;490;769;2018/2019;1;35;18;7;7;2;2;35
770;491;770;2018/2019;2;35;35;14;14;4;4;70
771;491;771;2018/2019;1;35;18;7;7;2;2;35
772;491;772;2018/2019;1;35;18;7;7;2;2;35
773;491;773;2018/2019;3;35;53;21;21;5;5;105
774;491;774;2018/2019;2;35;35;14;14;4;4;70
775;491;775;2018/2019;1;35;18;7;7;2;2;35
776;491;776;2018/2019;2;35;35;14;14;4;4;70
777;492;777;2018/2019;2;35;35;14;14;4;4;70
778;492;778;2018/2019;2;35;35;14;14;4;4;70
779;493;779;2018/2019;1;35;18;7;7;2;2;35
780;493;780;2018/2019;2;35;35;14;14;4;4;70
781;493;781;2018/2019;1;35;18;7;7;2;2;35
782;493;782;2018/2019;1;35;18;7;7;2;2;35
783;493;783;2018/2019;1;35;18;7;7;2;2;35
784;493;784;2018/2019;1;35;18;7;7;2;2;35
